,columns,sale_to_weight
0,colour_group_name,0.023950322053246823
1,department_name,0.021842552499875302
2,garment_group_name,4.720814345574316e-33
3,graphical_appearance_name,0.022301197428152376
4,index_group_name,1.007290823461691e-32
5,perceived_colour_master_name,0.006457032044740701
6,perceived_colour_value_name,0.0029679512228305165
7,product_group_name,0.01898875540819637
8,product_type_name,0.9034921893429578
9,section_name,2.0620524518306302e-32
